city,zip_code,longitude,latitude,city_id
Aberdeen,98520,-123.81619,46.97606,240518168578
Acme,98220,-122.20348,48.71768,1417339207682
Addy,99101,-117.8379,48.35609,618475290626
Airway Heights,99001,-117.59311,47.6443,463856467969
Alderdale,99350,-119.76904,46.20663,609885356034
Algona,98001,-122.23035,47.3074,1133871366144
Allyn,98524,-122.82984,47.38173,1709396983810
Almira,99103,-118.94018,47.71094,721554505732
Amanda Park,98526,-123.89691,47.45917,575525617667
Amboy,98601,-122.42148,45.91958,25769803776
Anacortes,98221,-122.61214,48.51748,1400159338496
Anderson Island,98303,-122.67876,47.17794,506806140930
Appleton,98635,-121.28544,45.6939,103079215105
Ariel,98603,-122.53658,45.98974,463856467970
Arlington,98223,-122.1264,48.19471,360777252864
Artondale,98335,-122.58009,47.328,1511828488197
Ashford,98304,-122.03243,46.75908,274877906946
Asotin,99402,-117.04784,46.34056,1477468749826
Auburn,98001,-122.23035,47.3074,996432412672
Auburn,98042,-122.09124,47.33778,755914244101
Auburn,98002,-122.2217,47.30661,1683627180032
Auburn,98022,-121.99136,47.20433,1245540515845
Auburn,98092,-122.1821,47.3199,317827579904
Bainbridge Island,98110,-122.521,47.62732,1700807049217
Baring,98224,-121.48491,47.77193,618475290627
Battle Ground,98604,-122.5331,45.78092,1030792151040
Bay Center,98527,-123.95518,46.63188,188978561028
Beaux Arts,98004,-122.1872,47.61001,833223655425
Beaver,98305,-124.33152,48.05431,841813590019
Belfair,98528,-122.82802,47.44998,1099511627776
Bellevue,98007,-122.12056,47.61334,1142461300736
Bellevue,98008,-122.11867,47.63131,781684047872
Bellevue,98027,-122.03439,47.5301,34359738371
Bellevue,98006,-122.12096,47.55584,1348619730944
Bellevue,98005,-122.1621,47.64441,146028888064
Bellevue,98004,-122.1872,47.61001,1374389534720
Bellevue,98033,-122.2066,47.67887,1305670057988
Bellingham,98225,-122.47107,48.75245,481036337153
Bellingham,98226,-122.49756,48.7999,240518168577
Bellingham,98229,-122.45486,48.7449,395136991232
Benge,99105,-118.10261,46.90905,695784701956
Benton City,99320,-119.48756,46.26543,1254130450433
Bickleton,99322,-120.30007,45.99783,1520418422788
Bingen,98605,-121.46623,45.71513,858993459203
Black Diamond,98010,-122.00143,47.30893,1692217114625
Black Diamond,98042,-122.09124,47.33778,25769803778
Black Diamond,98092,-122.1821,47.3199,1133871366148
Blaine,98231,-122.74676,48.99342,936302870531
Blaine,98230,-122.74888,48.99404,120259084290
Bonney Lake,98391,-122.17144,47.19175,1692217114624
Bothell,98034,-122.22901,47.72201,1202590842884
Bothell,98028,-122.24369,47.75892,111669149699
Bothell,98072,-122.15545,47.75448,790273982469
Bothell,98012,-122.21061,47.83448,34359738368
Bothell,98041,-122.19977,47.76099,1709396983814
Bothell,98011,-122.20563,47.76144,472446402560
Bothell,98021,-122.18384,47.8031,1262720385024
Bothell,98036,-122.29245,47.82557,8589934593
Bow,98232,-122.397,48.56045,627065225217
Bremerton,98337,-122.62749,47.565,352187318272
Bremerton,98310,-122.61136,47.5752,1305670057985
Bremerton,98370,-122.64681,47.73689,635655159811
Bremerton,98312,-122.65223,47.57192,206158430208
Bremerton,98314,-122.65058,47.55915,1219770712066
Bremerton,98311,-122.60915,47.62631,94489280513
Bremerton,98380,-122.81585,47.64509,712964571137
Brewster,98812,-119.78093,48.09967,1013612281856
Bridgeport,98813,-119.67013,48.00744,712964571136
Bridgeport Bar,98812,-119.78093,48.09967,1211180777473
Brier,98036,-122.29245,47.82557,1357209665536
Brinnon,98320,-122.89646,47.69838,1382979469312
Brush Prairie,98606,-122.54578,45.73473,2
Buckley,98321,-122.02523,47.16299,1451698946051
Bucoda,98530,-122.86892,46.79818,1194000908290
Buena,98921,-120.31299,46.42727,1451698946052
Burbank,99323,-119.01561,46.1992,1219770712068
Burien,98166,-122.34134,47.46593,1340029796354
Burien,98168,-122.3317,47.50314,962072674304
Burien,98148,-122.32863,47.46233,438086664193
Burien,98146,-122.36178,47.49408,953482739712
Burlington,98233,-122.33029,48.46846,403726925825
Bz Corner,98672,-121.48704,45.72776,1589137899522
Camano Island,98282,-122.40049,48.23986,1640677507072
Camas,98607,-122.40199,45.58694,1529008357376
Carbonado,98323,-122.04745,47.08041,764504178689
Carlton,98834,-120.0051,48.12868,790273982471
Carlton,98814,-120.10803,48.25448,369367187460
Carnation,98014,-121.91353,47.64901,944892805120
Carnation,98019,-121.98609,47.74068,1614907703299
Carnation,98053,-122.03287,47.68555,214748364800
Carson,98610,-121.82048,45.72558,1245540515840
Cashmere,98815,-120.47005,47.5224,1589137899521
Castle Rock,98611,-122.90724,46.27509,558345748480
Cathlamet,98612,-123.38663,46.20785,816043786240
Centerville,98613,-120.903,45.75198,1580547964932
Centerville,98620,-120.82545,45.823,1460288880642
Centralia,98531,-122.95266,46.72895,1056561954816
Chattaroy,99003,-117.35237,47.89594,566935683074
Chattaroy,99009,-117.27816,48.01723,609885356032
Chattaroy,99006,-117.47154,47.95431,1056561954822
Chattaroy,99021,-117.35586,47.7628,1279900254214
Chehalis,98531,-122.95266,46.72895,1391569403908
Chehalis,98532,-122.96462,46.6621,180388626433
Chehalis,98542,-122.7478,46.53239,1331439861761
Chelan,98816,-120.01454,47.83985,111669149697
Chelan Falls,98817,-119.98523,47.8029,704374636548
Cheney,99008,-117.95109,47.50524,111669149698
Cheney,99004,-117.57445,47.48928,1348619730947
Cheney,99022,-117.68269,47.57261,1245540515846
Cheney,99224,-117.46996,47.59431,1580547964930
Chewelah,99109,-117.71555,48.28136,197568495619
Chimacum,98325,-122.77328,48.01182,1666447310850
Chinook,98614,-123.94534,46.27264,876173328388
Cinebar,98533,-122.49165,46.60409,1168231104518
Clallam Bay,98326,-124.26015,48.25371,257698037762
Clarkston,99403,-117.04556,46.41402,403726925827
Clayton,99110,-117.57228,47.99685,85899345922
Cle Elum,98922,-120.93943,47.195,163208757248
Clearlake,98235,-122.23452,48.46376,1305670057987
Clinton,98236,-122.35803,47.9796,1520418422786
Clyde Hill,98004,-122.1872,47.61001,17179869184
Colbert,99005,-117.35414,47.83743,197568495617
Colbert,99208,-117.45005,47.7333,1142461300738
Colfax,99111,-117.36477,46.87965,1623497637890
College Place,99324,-118.38864,46.03456,936302870530
Colton,99113,-117.12984,46.56801,240518168581
Colville,99114,-117.90454,48.54657,1262720385026
Conconully,98819,-119.75013,48.55781,1554778161154
Concrete,98237,-121.7515,48.53892,944892805122
Connell,99326,-118.86063,46.66146,1039382085634
Copalis Beach,98535,-124.16705,47.11487,1503238553601
Copalis Crossing,98536,-124.07463,47.11059,1322849927172
Cosmopolis,98537,-123.76897,46.9541,25769803777
Cougar,98616,-122.30857,46.04647,377957122049
Coulee City,99115,-119.28816,47.61233,1056561954818
Coulee Dam,99116,-118.97669,47.9708,661424963586
Coupeville,98253,-122.56817,48.08827,1649267441666
Coupeville,98239,-122.68558,48.21857,790273982465
Covington,98042,-122.09124,47.33778,51539607552
Cowiche,98923,-120.70979,46.65456,1700807049221
Creston,99117,-118.51906,47.75865,936302870533
Curlew,99118,-118.60061,48.88101,1039382085635
Curtis,98532,-122.96462,46.6621,558345748481
Curtis,98538,-123.13056,46.56094,1133871366146
Cusick,99119,-117.30443,48.33866,403726925829
Custer,98240,-122.64219,48.91865,25769803779
Dallesport,98635,-121.28544,45.6939,1219770712069
Dallesport,98617,-121.14532,45.61623,1176821039105
Danville,99121,-118.50797,48.99237,730144440324
Darrington,98241,-121.60421,48.25431,240518168579
Davenport,99122,-118.14913,47.65405,1486058684416
Dayton,99328,-117.97577,46.32189,1288490188803
Deer Harbor,98243,-123.00026,48.61989,214748364801
Deer Meadows,99122,-118.14913,47.65405,515396075520
Deer Park,99006,-117.47154,47.95431,472446402562
Deer Park,99003,-117.35237,47.89594,180388626434
Deer Park,99005,-117.35414,47.83743,652835028993
Deming,98244,-122.21723,48.82651,824633720834
Des Moines,98198,-122.3219,47.40173,704374636544
Des Moines,98032,-122.23741,47.3807,712964571139
Des Moines,98148,-122.32863,47.46233,1357209665537
Dixie,99329,-118.15568,46.14048,1606317768707
Dryden,98821,-120.55978,47.54128,850403524610
Dupont,98327,-122.62954,47.09583,1022202216449
Duvall,98072,-122.15545,47.75448,1503238553602
Duvall,98014,-121.91353,47.64901,876173328387
Duvall,98019,-121.98609,47.74068,910533066752
East Wenatchee,98802,-120.29473,47.41515,1468878815233
Easton,98925,-121.17954,47.2378,1357209665539
Eastsound,98245,-122.91109,48.69389,154618822657
Eatonville,98328,-122.26832,46.86733,137438953475
Edgewood,98371,-122.29521,47.19045,549755813889
Edgewood,98372,-122.28504,47.19434,1219770712064
Edmonds,98020,-122.37689,47.81116,1297080123392
Edmonds,98026,-122.31768,47.87166,1503238553600
Edmonds,98036,-122.29245,47.82557,1640677507073
Edwall,99008,-117.95109,47.50524,154618822658
Edwall,99004,-117.57445,47.48928,1589137899524
Elbe,98330,-122.19367,46.76455,266287972353
Electric City,99123,-119.03591,47.93348,249108103169
Elk,99009,-117.27816,48.01723,1340029796355
Ellensburg,98926,-120.54872,46.99703,1511828488192
Elma,98541,-123.40382,47.00379,1675037245440
Elmer City,99124,-118.95343,47.99877,481036337158
Eltopia,99330,-119.01647,46.45698,592705486850
Endicott,99125,-117.68485,46.92752,146028888066
Entiat,98822,-120.20831,47.67562,1400159338499
Enumclaw,98022,-121.99136,47.20433,661424963584
Ephrata,98823,-119.55096,47.31909,549755813888
Ethel,98542,-122.7478,46.53239,60129542146
Ethel,98532,-122.96462,46.6621,1546188226562
Evans,99126,-118.02345,48.71331,670014898179
Everett,98206,-122.31902,48.01306,223338299393
Everett,98201,-122.20596,47.97659,1477468749824
Everett,98208,-122.18637,47.89251,1606317768705
Everett,98012,-122.21061,47.83448,120259084292
Everett,98203,-122.23019,47.94949,1657857376257
Everett,98204,-122.27557,47.88936,807453851648
Everson,98247,-122.34527,48.92009,893353197570
Fairchild Air Force Base,99011,-117.64458,47.64046,1099511627779
Fairfield,99012,-117.17125,47.38522,687194767364
Fall City,98024,-121.89086,47.56812,721554505729
Farmington,99128,-117.04546,47.08917,936302870532
Federal Way,98003,-122.3303,47.30151,438086664192
Federal Way,98422,-122.37684,47.28596,1185410973702
Federal Way,98001,-122.23035,47.3074,1443109011457
Federal Way,98023,-122.36321,47.3084,292057776128
Ferndale,98248,-122.5945,48.84787,927712935939
Fife,98424,-122.35686,47.23679,1589137899520
Fircrest,98466,-122.53166,47.23451,317827579905
Ford,99013,-117.80582,47.90886,1400159338503
Forks,98331,-124.38543,47.95014,953482739714
Fox Island,98333,-122.65107,47.27375,884763262976
Frances,98577,-123.72994,46.68867,1400159338502
Freeland,98249,-122.52664,48.00956,979252543488
Friday Harbor,98250,-123.01648,48.53448,1116691496961
Galvin,98544,-123.02628,46.74162,884763262978
Gardiner,98382,-123.10367,48.07965,1443109011462
Garfield,99130,-117.13359,47.00706,1082331758594
Gifford,99131,-118.13633,48.31085,1090921693187
Gig Harbor,98329,-122.6658,47.38336,1262720385025
Gig Harbor,98332,-122.58964,47.34235,403726925826
Gig Harbor,98335,-122.58009,47.328,1090921693184
Glacier,98244,-122.21723,48.82651,1408749273092
Glenoma,98336,-122.13017,46.53072,644245094401
Gold Bar,98251,-121.69743,47.85565,790273982466
Goldendale,98620,-120.82545,45.823,188978561025
Graham,98338,-122.29477,47.05703,1322849927169
Grand Coulee,99133,-119.00041,47.94283,197568495620
Grandview,98930,-119.90123,46.25606,506806140933
Granger,98932,-120.1871,46.33949,532575944705
Granite Falls,98252,-121.96931,48.08157,352187318273
Grapeview,98546,-122.82364,47.32767,1151051235328
Grayland,98547,-124.09366,46.80933,8589934592
Grays River,98621,-123.61022,46.35588,412316860419
Greenacres,99016,-117.1748,47.65699,841813590016
Greenacres,99023,-117.21611,47.56436,1305670057989
Greenacres,99019,-117.1015,47.66829,1357209665538
Greenbank,98253,-122.56817,48.08827,1099511627777
Hamilton,98255,-121.98741,48.51786,609885356033
Hansville,98340,-122.54758,47.91795,309237645313
Harrah,98933,-120.54352,46.40365,1460288880641
Harrington,99134,-118.25682,47.4829,1228360646656
Hartline,99135,-119.10557,47.69015,377957122050
Hatton,99344,-119.1742,46.82616,730144440323
Holden Village,98816,-120.01454,47.83985,154618822659
Hoodsport,98548,-123.14135,47.40639,910533066753
Hoquiam,98550,-123.88689,46.97982,17179869186
Hunters,99137,-118.20299,48.11777,979252543489
Hunts Point,98004,-122.1872,47.61001,919123001344
Husum,98672,-121.48704,45.72776,77309411330
Ilwaco,98624,-124.03547,46.3088,687194767362
Inchelium,99138,-118.19657,48.29812,1254130450436
Index,98294,-121.81688,47.8623,369367187461
Index,98256,-121.55352,47.82035,395136991234
Indianola,98342,-122.51843,47.7487,180388626432
Indianola,98370,-122.64681,47.73689,1254130450434
Ione,99139,-117.41793,48.74171,1133871366145
Issaquah,98006,-122.12096,47.55584,68719476736
Issaquah,98029,-122.00292,47.54748,429496729600
Issaquah,98027,-122.03439,47.5301,420906795008
Issaquah,98075,-122.03539,47.61344,1546188226561
Issaquah,98059,-122.15716,47.48852,1477468749825
Joint Base Lewis Mcchord,98433,-122.60761,47.08798,1374389534721
Joint Base Lewis Mcchord,98438,-122.50156,47.13872,51539607555
Kalama,98625,-122.84226,46.00813,1417339207680
Kapowsin,98344,-122.23469,46.98436,575525617668
Kelso,98626,-122.89867,46.14424,1082331758592
Kenmore,98028,-122.24369,47.75892,386547056640
Kennewick,99337,-119.14482,46.18764,1563368095744
Kennewick,99338,-119.3118,46.20664,1065151889408
Kennewick,99336,-119.11698,46.20837,1116691496963
Kent,98001,-122.23035,47.3074,1116691496962
Kent,98038,-122.04526,47.39394,386547056644
Kent,98035,-122.23427,47.3805,1709396983813
Kent,98042,-122.09124,47.33778,446676598784
Kent,98032,-122.23741,47.3807,644245094400
Kent,98092,-122.1821,47.3199,1589137899523
Kent,98058,-122.08747,47.4466,575525617666
Kent,98031,-122.17743,47.41185,420906795009
Kent,98030,-122.19975,47.37483,730144440320
Kettle Falls,99141,-118.06211,48.61053,369367187459
Keyport,98345,-122.62316,47.70251,876173328386
Kingston,98370,-122.64681,47.73689,163208757251
Kingston,98346,-122.4977,47.79802,231928233984
Kirkland,98072,-122.15545,47.75448,498216206337
Kirkland,98004,-122.1872,47.61001,34359738370
Kirkland,98034,-122.22901,47.72201,1279900254208
Kirkland,98033,-122.2066,47.67887,773094113280
Kirkland,98011,-122.20563,47.76144,481036337156
Kirkland,98052,-122.13158,47.67858,1486058684418
Kittitas,98934,-120.41752,46.98472,1571958030338
Klickitat,98628,-121.15176,45.81756,1511828488196
Klickitat,98635,-121.28544,45.6939,1580547964933
La Center,98629,-122.67248,45.86156,1614907703296
La Conner,98257,-122.49724,48.38874,1400159338498
La Push,98331,-124.38543,47.95014,1511828488194
Lacey,98503,-122.82324,47.04437,1202590842880
Lacey,98516,-122.75103,47.08149,1
Lacey,98506,-122.87741,47.05997,1005022347266
Lacey,98513,-122.81754,46.98876,970662608899
Lacrosse,99143,-117.88137,46.81612,704374636547
Lake Forest Park,98155,-122.3175,47.75781,858993459200
Lake Stevens,98258,-122.06402,48.01497,137438953472
Lake Tapps,98391,-122.17144,47.19175,987842478081
Lakebay,98349,-122.75493,47.25035,661424963585
Lakeview,98851,-119.48323,47.38898,1529008357377
Lakewood,98496,-122.50992,47.16826,1013612281857
Lakewood,98439,-122.52968,47.12717,386547056642
Lakewood,98499,-122.51495,47.16196,1073741824000
Lakewood,98498,-122.54764,47.17669,369367187457
Lamont,99017,-117.90629,47.20139,1159641169922
Langley,98260,-122.40618,48.0399,489626271746
Langley,98249,-122.52664,48.00956,850403524609
Latah,99018,-117.15511,47.27966,798863917057
Leavenworth,98826,-120.65754,47.5982,1623497637889
Leavenworth,98847,-120.60364,47.56805,249108103170
Lebam,98577,-123.72994,46.68867,695784701957
Liberty Lake,99016,-117.1748,47.65699,687194767365
Liberty Lake,99019,-117.1015,47.66829,936302870529
Lilliwaup,98555,-123.0921,47.47203,438086664199
Lincoln,99147,-118.41899,47.82937,687194767363
Lind,99341,-118.61566,46.97135,1709396983812
Long Beach,98631,-124.05439,46.35232,188978561027
Long Beach,98634,,,1623497637895
Longbranch,98351,-122.75905,47.21454,695784701954
Longview,98632,-122.95058,46.14681,1331439861760
Loon Lake,99148,-117.63731,48.06288,163208757250
Lopez Is,98261,-122.91395,48.52342,1185410973701
Lopez Island,98261,-122.91395,48.52342,1297080123393
Lummi Island,98262,-122.68326,48.72052,77309411329
Lyle,98635,-121.28544,45.6939,360777252865
Lyman,98263,-122.05976,48.52525,627065225220
Lynden,98264,-122.45079,48.9429,1116691496960
Lynnwood,98037,-122.27734,47.83785,120259084288
Lynnwood,98087,-122.27981,47.85727,781684047873
Lynnwood,98036,-122.29245,47.82557,1391569403904
Mabton,98935,-119.99854,46.21092,352187318274
Mabton,98930,-119.90123,46.25606,523986010113
Malaga,98828,-120.20227,47.37238,429496729604
Malden,99149,-117.47511,47.22875,515396075523
Malott,98829,-119.70617,48.28279,566935683075
Malott,98840,-119.57959,48.3654,1314259992577
Mansfield,98830,-119.63759,47.8118,343597383681
Mansfield,98812,-119.78093,48.09967,60129542147
Manson,98831,-120.16034,47.8854,627065225216
Maple Falls,98266,-122.07728,48.92369,1700807049220
Maple Valley,98058,-122.08747,47.4466,1185410973700
Maple Valley,98051,-121.98233,47.35298,1580547964929
Maple Valley,98010,-122.00143,47.30893,1417339207681
Maple Valley,98059,-122.15716,47.48852,506806140931
Maple Valley,98027,-122.03439,47.5301,206158430211
Maple Valley,98038,-122.04526,47.39394,1348619730945
Maple Valley,98045,-121.7831,47.49348,128849018882
Marblemount,98267,-121.41604,48.52739,1597727834115
Marlin,98832,-118.98504,47.40718,1159641169923
Martha Lake,98087,-122.27981,47.85727,601295421443
Maryhill,98620,-120.82545,45.823,1065151889411
Marysville,98292,-122.37265,48.24159,1614907703300
Marysville,98270,-122.1769,48.06114,455266533377
Marysville,98271,-122.1677,48.11026,369367187456
Mattawa,99349,-119.90008,46.73779,1580547964931
Mazama,98833,-120.40814,48.5941,395136991233
McChord AFB,98439,-122.52968,47.12717,1133871366147
Mccleary,98557,-123.26405,47.04946,420906795011
McCleary,98557,-123.26405,47.04946,833223655427
Mead,99021,-117.35586,47.7628,283467841536
Mead,99005,-117.35414,47.83743,1503238553603
Medical Lake,99022,-117.68269,47.57261,257698037761
Medical Lake,99224,-117.46996,47.59431,1443109011461
Medical Lake,99004,-117.57445,47.48928,987842478084
Medina,98039,-122.23892,47.61613,343597383680
Menlo,98577,-123.72994,46.68867,601295421440
Mercer Island,98040,-122.21238,47.57816,687194767360
Mesa,99343,-119.00503,46.57833,1056561954817
Metaline,99152,-117.38884,48.85602,1606317768706
Methow,98846,-119.89975,48.05502,438086664198
Methow,98834,-120.0051,48.12868,240518168580
Mica,99023,-117.21611,47.56436,481036337155
Mill Creek,98012,-122.21061,47.83448,274877906945
Milton,98354,-122.32172,47.24898,1236950581249
Mineral,98355,-122.18768,46.71902,1056561954820
Moclips,98562,-124.21349,47.23932,1176821039107
Monitor,98836,-120.42429,47.49049,712964571138
Monroe,98272,-121.98087,47.8526,292057776130
Montesano,98563,-123.60076,46.98384,730144440321
Morton,98356,-122.27514,46.5554,1245540515841
Moses Lake,98837,-119.2771,47.13196,506806140929
Mossyrock,98564,-122.48446,46.52948,412316860416
Mount Vernon,98274,-122.32355,48.41566,876173328385
Mount Vernon,98273,-122.33891,48.41644,1580547964928
Mountlake Terrace,98043,-122.31111,47.78803,1168231104513
Moxee,98936,-120.39197,46.55621,1202590842881
Moxee,98901,-120.50729,46.60464,944892805123
Mukilteo,98275,-122.29196,47.89908,1451698946050
Murdock,98617,-121.14532,45.61623,1391569403907
Murdock,98635,-121.28544,45.6939,1400159338501
Naches,98908,-120.60199,46.59817,481036337157
Naches,98942,-120.53145,46.65405,687194767366
Naches,98937,-120.69972,46.7309,919123001345
Nahcotta,98640,-124.04987,46.49147,506806140934
Napavine,98532,-122.96462,46.6621,1692217114628
Napavine,98565,-122.90812,46.57623,1236950581251
Naselle,98638,-123.81154,46.36545,584115552258
Neah Bay,98357,-124.62735,48.36778,1022202216452
Nespelem,99155,-118.97665,48.16636,1254130450435
Newcastle,98006,-122.12096,47.55584,438086664200
Newcastle,98059,-122.15716,47.48852,300647710721
Newcastle,98056,-122.1805,47.50006,1082331758593
Newman Lake,99025,-117.06882,47.7251,34359738369
Newman Lake,99027,-117.11195,47.70763,1683627180034
Newport,99156,-117.04398,48.18285,455266533378
Nine Mile Falls,99224,-117.46996,47.59431,627065225219
Nine Mile Falls,99026,-117.54392,47.77676,3
Nooksack,98276,-122.32181,48.92857,790273982468
Nordland,98358,-122.69107,48.05105,1176821039104
Normandy Park,98166,-122.34134,47.46593,128849018881
Normandy Park,98148,-122.32863,47.46233,412316860417
Normandy Park,98198,-122.3219,47.40173,1168231104514
North Bend,98065,-121.82432,47.52716,300647710723
North Bend,98045,-121.7831,47.49348,532575944704
North Bonneville,98639,-121.97,45.64119,1700807049222
North Cove,98590,-123.99814,46.71227,42949672961
North Cove,98547,-124.09366,46.80933,446676598785
Northport,99157,-117.77812,48.91739,712964571140
Northwestern Lake,98672,-121.48704,45.72776,489626271747
Oak Harbor,98277,-122.64682,48.29077,1700807049216
Oak Harbor,98278,-122.67154,48.33858,317827579908
Oakesdale,99158,-117.24261,47.12905,506806140936
Oakville,98568,-123.23286,46.84077,1623497637892
Ocean Park,98631,-124.05439,46.35232,532575944706
Ocean Park,98640,-124.04987,46.49147,283467841538
Ocean Shores,98569,-124.16408,47.01156,893353197571
Odessa,99159,-118.68999,47.33323,1108101562368
Okanogan,98840,-119.57959,48.3654,1262720385027
Olalla,98359,-122.54729,47.42602,429496729601
Olga,98279,-122.8357,48.62356,824633720833
Olympia,98513,-122.81754,46.98876,455266533376
Olympia,98502,-122.92333,47.03779,154618822656
Olympia,98503,-122.82324,47.04437,1425929142273
Olympia,98512,-122.9131,47.01359,1365799600128
Olympia,98504,-122.89166,47.03956,1434519076864
Olympia,98501,-122.89165,47.03954,858993459202
Olympia,98506,-122.87741,47.05997,1288490188800
Olympia,98507,-122.89588,47.04117,1451698946054
Olympia,98516,-122.75103,47.08149,77309411328
Omak,98841,-119.52724,48.41078,481036337154
Onalaska,98532,-122.96462,46.6621,1623497637893
Onalaska,98570,-122.69891,46.57613,1005022347264
Orcas,98280,-122.94093,48.5982,386547056643
Orcas Is,98245,-122.91109,48.69389,206158430213
Orcas Is,98279,-122.8357,48.62356,1082331758595
Orcas Is,98243,-123.00026,48.61989,584115552260
Orient,99160,-118.20874,48.8683,1348619730949
Orondo,98843,-120.22795,47.62353,51539607554
Oroville,98844,-119.43558,48.93881,1219770712067
Orting,98360,-122.20166,47.09596,188978561026
Othello,99344,-119.1742,46.82616,1709396983811
Otis Orchards,99027,-117.11195,47.70763,953482739713
Otis Orchards,99025,-117.06882,47.7251,1168231104521
Outlook,98938,-120.08512,46.3294,420906795010
Oysterville,98641,-124.02697,46.54905,1279900254213
Oysterville,98640,-124.04987,46.49147,592705486849
Pacific,98001,-122.23035,47.3074,438086664195
Pacific,98047,-122.24692,47.26465,927712935938
Pacific Beach,98571,-124.20177,47.20886,541165879297
Packwood,98377,-121.95585,46.53534,601295421442
Packwood,98361,-121.66932,46.61018,146028888065
Palisades,98845,-119.9176,47.41492,1400159338500
Palouse,99161,-117.0768,46.91008,1374389534722
Parker,98939,-120.4672,46.50345,1194000908291
Parkland,98446,-122.37747,47.09665,944892805121
Pasc,99301,-119.09467,46.23542,601295421441
Pasco,99301,-119.09467,46.23542,695784701953
Pateros,98846,-119.89975,48.05502,833223655426
Paterson,99345,-119.60311,45.93967,1185410973703
Pe Ell,98572,-123.29831,46.57001,472446402563
Peshastin,98847,-120.60364,47.56805,721554505730
Plymouth,99346,-119.35107,45.93559,1640677507074
Point Roberts,98281,-123.05688,48.98867,463856467968
Pomeroy,99347,-117.58937,46.47398,506806140932
Port Angeles,98362,-123.43112,48.11892,249108103168
Port Angeles,98363,-123.45711,48.12636,472446402561
Port Gamble,98370,-122.64681,47.73689,4
Port Hadlock,98339,-122.75878,48.03591,996432412674
Port Ludlow,98365,-122.68475,47.92989,1236950581248
Port Orchard,98367,-122.68471,47.50524,498216206336
Port Orchard,98366,-122.63847,47.54103,489626271744
Port Orchard,98312,-122.65223,47.57192,1228360646658
Port Orchard,98329,-122.6658,47.38336,1614907703298
Port Townsend,98368,-122.77263,48.1212,206158430209
Port Townsend,98325,-122.77328,48.01182,128849018885
Poulsbo,98370,-122.64681,47.73689,1623497637888
Poulsbo,98392,-122.55242,47.73162,901943132161
Pouslbo,98370,-122.64681,47.73689,1168231104519
Prescott,99348,-118.31243,46.29961,1297080123394
Preston,98027,-122.03439,47.5301,790273982467
Preston,98050,-121.93846,47.54369,970662608900
Preston,98024,-121.89086,47.56812,223338299392
Pros,99350,-119.76904,46.20663,1168231104520
Prosser,99350,-119.76904,46.20663,1340029796353
Pullman,99163,-117.18147,46.73015,231928233985
Puyallup,98371,-122.29521,47.19045,970662608898
Puyallup,98374,-122.27575,47.13959,1039382085632
Puyallup,98375,-122.30855,47.10424,1649267441664
Puyallup,98373,-122.2988,47.13795,300647710720
Puyallup,98372,-122.28504,47.19434,1211180777472
Quilcene,98376,-122.8775,47.82642,893353197572
Quinault,98575,-123.84618,47.46807,1477468749827
Quincy,98848,-119.85338,47.23748,1245540515842
Rainier,98576,-122.68993,46.88897,773094113282
Randle,98377,-121.95585,46.53534,1511828488193
Ravensdale,98038,-122.04526,47.39394,1357209665540
Ravensdale,98051,-121.98233,47.35298,670014898177
Raymond,98577,-123.72994,46.68867,1022202216451
Reardan,99029,-117.87704,47.66951,1314259992578
Redmond,98033,-122.2066,47.67887,618475290624
Redmond,98074,-122.02054,47.60326,274877906947
Redmond,98053,-122.03287,47.68555,790273982464
Redmond,98014,-121.91353,47.64901,377957122048
Redmond,98052,-122.13158,47.67858,292057776129
Redmond,98072,-122.15545,47.75448,403726925828
Renton,98058,-122.08747,47.4466,386547056641
Renton,98059,-122.15716,47.48852,506806140928
Renton,98057,-122.20489,47.47532,1365799600129
Renton,98178,-122.23825,47.49461,1030792151042
Renton,98027,-122.03439,47.5301,790273982472
Renton,98031,-122.17743,47.41185,317827579906
Renton,98056,-122.1805,47.50006,1340029796352
Renton,98042,-122.09124,47.33778,523986010112
Renton,98038,-122.04526,47.39394,506806140935
Renton,98055,-122.197,47.43876,1606317768704
Republic,99166,-118.73748,48.64426,1279900254211
Rice,99167,-118.16165,48.42934,420906795012
Rich,99352,-119.27372,46.27391,901943132162
Richland,99352,-119.27372,46.27391,1348619730946
Richland,99338,-119.3118,46.20664,1279900254212
Richland,99354,-119.26844,46.31484,1185410973698
Ridgefield,98642,-122.74595,45.81539,1185410973697
Ritzville,99169,-118.37977,47.1274,1486058684417
Riverside,98849,-119.50853,48.50119,1675037245441
Rochester,98579,-123.08743,46.82175,1400159338497
Rock Island,98850,-120.14545,47.37163,910533066754
Rockford,99030,-117.13261,47.45227,335007449090
Rockport,98283,-121.59274,48.48758,1245540515848
Ronald,98940,-121.02627,47.23781,1425929142274
Roosevelt,98620,-120.82545,45.823,1657857376259
Roosevelt,99356,-120.20117,45.74956,755914244100
Rosalia,99170,-117.37046,47.23445,1623497637891
Rosburg,98643,-123.6386,46.33397,755914244099
Roslyn,98940,-121.02627,47.23781,1408749273093
Roslyn,98941,-120.99607,47.22593,584115552256
Roy,98580,-122.54332,47.00328,1168231104515
Royal City,99357,-119.63136,46.90248,1039382085633
Ruston,98407,-122.51134,47.29238,1520418422787
Ryderwood,98581,-123.04373,46.37331,17179869187
Salkum,98582,-122.6306,46.53186,515396075521
Sammamish,98029,-122.00292,47.54748,1520418422784
Sammamish,98074,-122.02054,47.60326,1571958030336
Sammamish,98075,-122.03539,47.61344,0
Sammamish,98053,-122.03287,47.68555,1090921693186
San Juan Is,98250,-123.01648,48.53448,1623497637894
Seabeck,98380,-122.81585,47.64509,695784701952
Seatac,98188,-122.29179,47.43473,481036337152
Seatac,98032,-122.23741,47.3807,1554778161153
Seatac,98198,-122.3219,47.40173,197568495616
Seatac,98158,-122.30133,47.45384,1125281431552
Seatac,98148,-122.32863,47.46233,1451698946053
Seatac,98168,-122.3317,47.50314,266287972352
Seattle,98104,-122.32945,47.60357,704374636546
Seattle,98106,-122.35163,47.54287,1305670057984
Seattle,98125,-122.30253,47.72656,1657857376256
Seattle,98112,-122.30207,47.64085,188978561024
Seattle,98133,-122.35029,47.71871,1159641169920
Seattle,98164,-122.3326,47.60574,1194000908289
Seattle,98108,-122.30346,47.55379,51539607553
Seattle,98168,-122.3317,47.50314,1546188226560
Seattle,98055,-122.197,47.43876,283467841539
Seattle,98126,-122.36893,47.54701,171798691840
Seattle,98102,-122.32427,47.63433,274877906944
Seattle,98119,-122.3684,47.64586,1460288880640
Seattle,98146,-122.36178,47.49408,1030792151041
Seattle,98107,-122.38591,47.67597,1425929142272
Seattle,98124,-122.32851,47.58064,1460288880643
Seattle,98109,-122.35022,47.63824,489626271745
Seattle,98122,-122.31009,47.60803,257698037760
Seattle,98115,-122.31676,47.68156,1443109011458
Seattle,98105,-122.31307,47.66127,94489280512
Seattle,98116,-122.41067,47.57894,1408749273088
Seattle,98198,-122.3219,47.40173,1030792151043
Seattle,98118,-122.2668,47.55115,240518168576
Seattle,98134,-122.32741,47.58616,618475290625
Seattle,98144,-122.30866,47.57874,1185410973696
Seattle,98199,-122.40092,47.65908,1322849927168
Seattle,98188,-122.29179,47.43473,1666447310852
Seattle,98178,-122.23825,47.49461,1571958030337
Seattle,98121,-122.34468,47.61578,60129542144
Seattle,98103,-122.35436,47.67596,592705486848
Seattle,98117,-122.38418,47.70044,111669149696
Seattle,98166,-122.34134,47.46593,541165879298
Seattle,98177,-122.36498,47.72238,1520418422785
Seattle,98136,-122.38415,47.53755,970662608897
Seattle,98101,-122.34223,47.61085,1614907703297
Seattle,98155,-122.3175,47.75781,773094113283
Seaview,98624,-124.03547,46.3088,1340029796356
Seaview,98644,-124.05475,46.3354,549755813890
Seaview,98631,-124.05439,46.35232,549755813891
Sedro Woolley,98284,-122.23857,48.50858,738734374912
Sedro-Woolley,98284,-122.23857,48.50858,876173328384
Sekiu,98381,-124.30041,48.25978,1116691496964
Selah,98942,-120.53145,46.65405,128849018880
Sequim,98382,-123.10367,48.07965,1022202216448
Seven Bays,99122,-118.14913,47.65405,1073741824001
Shaw Island,98286,-122.92991,48.58348,438086664196
Shelton,98584,-123.10565,47.21248,85899345920
Shoreline,98020,-122.37689,47.81116,128849018884
Shoreline,98177,-122.36498,47.72238,824633720832
Shoreline,98133,-122.35029,47.71871,1047972020224
Shoreline,98155,-122.3175,47.75781,566935683072
Silver Creek,98585,-122.60209,46.52793,1245540515843
Silver Lake,98645,-122.8112,46.29694,1228360646657
Silverdale,98383,-122.69275,47.65171,1683627180033
Silverdale,98311,-122.60915,47.62631,1245540515844
Silverdale,98315,-122.70835,47.68926,1176821039106
Silverlake,98645,-122.8112,46.29694,798863917056
Skamokawa,98647,-123.45797,46.2716,438086664194
Skykomish,98288,-121.35912,47.71192,841813590017
Smith Creek,98577,-123.72994,46.68867,824633720836
Snohomish,98296,-122.1389,47.87115,575525617665
Snohomish,98290,-122.09305,47.91265,1288490188801
Snohomish,98077,-122.07326,47.75425,1597727834114
Snoqualmie,98024,-121.89086,47.56812,163208757249
Snoqualmie,98065,-121.82432,47.52716,936302870528
Snoqualmie Pass,98045,-121.7831,47.49348,816043786241
Snoqualmie Pass,98068,-121.41203,47.41873,755914244098
Snowden,98672,-121.48704,45.72776,944892805124
Soap Lake,98851,-119.48323,47.38898,824633720835
South Bend,98586,-123.81251,46.66641,137438953476
South Bend,98577,-123.72994,46.68867,1125281431554
South Cle Elum,98943,-120.94822,47.18891,1056561954819
South Hill,98375,-122.30855,47.10424,1022202216450
South Hill,98373,-122.2988,47.13795,1279900254209
South Hill,98374,-122.27575,47.13959,1443109011460
South Prairie,98385,-122.09624,47.13954,1374389534723
Spanaway,98387,-122.41046,47.06512,1443109011459
Spangle,99031,-117.38035,47.42909,369367187462
Spangle,99004,-117.57445,47.48928,206158430212
Spokane,99202,-117.3797,47.65548,893353197568
Spokane,99206,-117.24522,47.66116,1494648619009
Spokane,99204,-117.42571,47.64779,1065151889409
Spokane,99212,-117.28805,47.68043,1219770712065
Spokane,99208,-117.45005,47.7333,1090921693185
Spokane,99037,-117.19631,47.65706,412316860418
Spokane,99205,-117.45674,47.69963,1666447310849
Spokane,99036,-117.23995,47.5353,764504178688
Spokane,99218,-117.4118,47.7458,1279900254210
Spokane,99005,-117.35414,47.83743,1537598291968
Spokane,99223,-117.36043,47.63396,652835028992
Spokane,99217,-117.35298,47.70433,850403524608
Spokane,99031,-117.38035,47.42909,1288490188805
Spokane,99251,-117.41643,47.75122,317827579907
Spokane,99203,-117.39322,47.63374,541165879296
Spokane,99207,-117.3973,47.67573,137438953474
Spokane,99224,-117.46996,47.59431,987842478083
Spokane,99201,-117.41162,47.65726,584115552257
Spokane,99004,-117.57445,47.48928,575525617669
Spokane,99216,-117.21264,47.65878,1348619730948
Spokane,99021,-117.35586,47.7628,1692217114626
Spokane Valley,99212,-117.28805,47.68043,670014898176
Spokane Valley,99216,-117.21264,47.65878,197568495618
Spokane Valley,99223,-117.36043,47.63396,1614907703301
Spokane Valley,99027,-117.11195,47.70763,1382979469313
Spokane Valley,99016,-117.1748,47.65699,429496729602
Spokane Valley,99206,-117.24522,47.66116,309237645312
Spokane Valley,99037,-117.19631,47.65706,1597727834113
Sprague,99032,-117.97378,47.30036,85899345921
Springdale,99173,-117.74137,48.05738,128849018883
St John,99171,-117.5821,47.09185,309237645315
Stanwood,98292,-122.37265,48.24159,704374636545
Stanwood,98271,-122.1677,48.11026,1065151889410
Startup,98294,-121.81688,47.8623,335007449089
Steilacoom,98388,-122.59802,47.17303,1288490188804
Stevenson,98648,-121.88258,45.69417,1202590842883
Stratford,98853,-119.27844,47.4263,695784701959
Sultan,98294,-121.81688,47.8623,635655159808
Sumas,98295,-122.26495,48.99976,1408749273090
Sumner,98390,-122.23972,47.2022,901943132160
Sunnyside,98944,-120.00976,46.32379,1597727834112
Suquamish,98392,-122.55242,47.73162,910533066755
Surfside,98640,-124.04987,46.49147,1305670057986
Tacoma,98411,-122.47254,47.22077,1245540515847
Tacoma,98408,-122.44718,47.20144,1168231104516
Tacoma,98409,-122.47913,47.2198,1271310319616
Tacoma,98402,-122.44164,47.25517,309237645314
Tacoma,98421,-122.40527,47.2556,1468878815234
Tacoma,98433,-122.60761,47.08798,111669149700
Tacoma,98444,-122.43828,47.15258,893353197569
Tacoma,98431,-122.55411,47.10964,283467841540
Tacoma,98445,-122.40872,47.16568,1099511627778
Tacoma,98443,-122.36463,47.19449,17179869185
Tacoma,98404,-122.41249,47.21584,283467841537
Tacoma,98407,-122.51134,47.29238,1709396983809
Tacoma,98446,-122.37747,47.09665,1391569403906
Tacoma,98447,-122.44388,47.14548,566935683076
Tacoma,98466,-122.53166,47.23451,1391569403905
Tacoma,98465,-122.5354,47.24991,962072674305
Tacoma,98493,-122.57622,47.13564,429496729603
Tacoma,98418,-122.44629,47.22283,1322849927170
Tacoma,98406,-122.52082,47.26887,206158430210
Tacoma,98416,-122.48107,47.26438,438086664197
Tacoma,98405,-122.48271,47.24737,987842478082
Tacoma,98403,-122.45782,47.26541,120259084289
Tacoma,98417,-122.48775,47.27229,206158430214
Tacoma,98422,-122.37684,47.28596,1468878815232
Taholah,98587,-124.28628,47.34257,730144440322
Tahuya,98588,-123.04061,47.37733,1322849927171
Tekoa,99033,-117.07351,47.22679,1511828488195
Tenino,98589,-122.85135,46.85752,1236950581250
Thorp,98946,-120.66621,47.05139,996432412675
Thorp,98926,-120.54872,46.99703,1305670057990
Tieton,98947,-120.75541,46.70257,1005022347265
Tieton,98937,-120.69972,46.7309,1391569403909
Tokeland,98590,-123.99814,46.71227,103079215104
Toledo,98591,-122.84784,46.44067,695784701955
Tonasket,98855,-119.43681,48.7086,755914244097
Toppenish,98948,-120.31298,46.37508,1443109011456
Touchet,99360,-118.66923,46.04238,1211180777474
Toutle,98649,-122.73237,46.32447,1649267441665
Trout Lake,98650,-121.52529,45.99588,687194767361
Tukwila,98032,-122.23741,47.3807,377957122051
Tukwila,98178,-122.23825,47.49461,841813590018
Tukwila,98188,-122.29179,47.43473,721554505728
Tukwila,98168,-122.3317,47.50314,927712935936
Tukwila,98108,-122.30346,47.55379,300647710722
Tulalip,98271,-122.1677,48.11026,1331439861762
Tumtum,99034,-117.67024,47.8927,171798691842
Tumwater,98501,-122.89165,47.03954,996432412673
Tumwater,98512,-122.9131,47.01359,1700807049218
Twisp,98856,-120.1231,48.3652,1408749273091
Underwood,98651,-121.52357,45.72902,1159641169921
Union,98592,-123.09944,47.35689,1657857376258
Union Gap,98903,-120.4778,46.55351,738734374913
Uniontown,99113,-117.12984,46.56801,1400159338504
Uniontown,99179,-117.08742,46.53906,695784701958
University Place,98466,-122.53166,47.23451,1408749273089
University Place,98467,-122.53787,47.20761,1666447310851
Usk,99180,-117.28054,48.31375,94489280514
Vader,98593,-122.95015,46.40201,721554505731
Valley,99181,-117.72555,48.17623,1692217114627
Valleyford,99036,-117.23995,47.5353,1185410973699
Valleyford,99223,-117.36043,47.63396,34359738372
Valleyford,99023,-117.21611,47.56436,635655159810
Vancouver,98665,-122.64443,45.67871,833223655424
Vancouver,98660,-122.67156,45.63248,566935683073
Vancouver,98664,-122.59219,45.62158,137438953473
Vancouver,98661,-122.62934,45.63201,42949672960
Vancouver,98682,-122.55149,45.69345,678604832768
Vancouver,98686,-122.62731,45.71668,403726925824
Vancouver,98662,-122.57722,45.64251,1451698946049
Vancouver,98684,-122.48723,45.63701,1451698946048
Vancouver,98663,-122.64695,45.65675,1632087572480
Vancouver,98685,-122.70303,45.70954,1314259992576
Vancouver,98683,-122.49212,45.60365,970662608896
Vancouver,98668,-122.62446,45.64087,1331439861763
Vashon,98070,-122.4573,47.44929,755914244096
Vaughn,98394,-122.76355,47.34347,180388626435
Veradale,99016,-117.1748,47.65699,652835028995
Veradale,99037,-117.19631,47.65706,1142461300737
Wahkiacus,98670,-121.10717,45.84657,627065225218
Waitsburg,99361,-118.15448,46.27013,231928233986
Waldron,98297,-123.03598,48.68843,790273982470
Walla Walla,99362,-118.34261,46.07068,1365799600130
Walla Walla Co,99362,-118.34261,46.07068,635655159809
Wapato,98951,-120.42083,46.44779,927712935937
Warden,98857,-119.04573,46.96971,60129542145
Washougal,98671,-122.35341,45.57923,858993459201
Washtucna,99371,-118.311,46.75578,996432412676
Waterville,98858,-120.07145,47.64963,1194000908288
Wellpinit,99040,-117.98701,47.88677,652835028994
Wenatchee,98801,-120.30522,47.41494,1700807049219
West Richland,99320,-119.48756,46.26543,944892805125
West Richland,99353,-119.33836,46.29696,369367187458
Westport,98595,-124.10425,46.89112,584115552259
White Salmon,98605,-121.46623,45.71513,326417514496
White Salmon,98672,-121.48704,45.72776,1554778161152
White Salmon,98635,-121.28544,45.6939,962072674306
White Swan,98952,-120.73063,46.38287,1056561954821
Wilbur,99185,-118.70912,47.75942,1632087572481
Wilkeson,98396,-122.04732,47.10964,1202590842882
Willapa,98577,-123.72994,46.68867,1168231104517
Winlock,98596,-122.93881,46.49114,1288490188802
Winthrop,98862,-120.17739,48.47396,670014898178
Winthrop,98833,-120.40814,48.5941,386547056645
Winthrop,98856,-120.1231,48.3652,635655159812
Wishram,98673,-120.96465,45.65936,335007449088
Woodinville,98053,-122.03287,47.68555,1262720385029
Woodinville,98052,-122.13158,47.67858,120259084291
Woodinville,98072,-122.15545,47.75448,773094113281
Woodinville,98077,-122.07326,47.75425,1262720385028
Woodland,98674,-122.74017,45.9094,1709396983808
Woodway,98020,-122.37689,47.81116,1254130450432
Wrch,99353,-119.33836,46.29696,1125281431553
Yacolt,98675,-122.40908,45.86679,884763262977
Yakima,98901,-120.50729,46.60464,1494648619008
Yakima,98908,-120.60199,46.59817,575525617664
Yakima,98903,-120.4778,46.55351,1168231104512
Yakima,98902,-120.52041,46.59751,987842478080
Yarrow Point,98004,-122.1872,47.61001,1666447310848
Yelm,98597,-122.60735,46.94239,171798691841
Zillah,98932,-120.1871,46.33949,515396075522
Zillah,98953,-120.26226,46.40199,807453851649
Zillah,98951,-120.42083,46.44779,1202590842885